ts_unix_ms,label,mode,target,task,iter,payload_bytes,tct_ms,server_compute_ms,status
1791182223353,A,local,local,0,100000,1024,6.874,,ok
1791182223360,A,local,local,1,100000,1024,6.634,,ok
1791182223366,A,local,local,2,100000,1024,6.639,,ok
1791182223375,A,local,local,3,100000,1024,6.61,,ok
1791182223382,A,local,local,4,100000,1024,60.97,,ok
1791182223443,A,local,local,5,100000,1024,5.975,,ok
1791182223449,A,local,local,6,100000,1024,5.846,,ok
1791182223455,A,local,local,7,100000,1024,5.635,,ok
1791182223461,A,local,local,8,100000,1024,5.679,,ok
1791182223467,A,local,local,9,100000,1024,5.788,,ok
1791182223473,A,local,local,10,100000,1024,5.723,,ok
1791182223478,A,local,local,11,100000,1024,57.75,,ok
1791182223536,A,local,local,12,100000,1024,9.424,,ok
1791182223546,A,local,local,13,100000,1024,5.73,,ok
1791182223552,A,local,local,14,100000,1024,5.728,,ok
1791182223659,A,edge-server,http://edge-server-1:8080,0,100000,1024,22.829,11.708,ok
1791182223682,A,edge-server,http://edge-server-1:8080,1,100000,1024,22.062,11.187,ok
1791182223704,A,edge-server,http://edge-server-1:8080,2,100000,1024,18.806,7.844,ok
1791182223723,A,edge-server,http://edge-server-1:8080,3,100000,1024,21.882,11.014,ok
1791182223745,A,edge-server,http://edge-server-1:8080,4,100000,1024,19.106,8.303,ok
1791182223765,A,edge-server,http://edge-server-1:8080,5,100000,1024,16.383,5.518,ok
1791182223781,A,edge-server,http://edge-server-1:8080,6,100000,1024,21.968,11.143,ok
1791182223803,A,edge-server,http://edge-server-1:8080,7,100000,1024,20.198,9.324,ok
1791182223824,A,edge-server,http://edge-server-1:8080,8,100000,1024,22.319,11.247,ok
1791182223847,A,edge-server,http://edge-server-1:8080,9,100000,1024,20.891,9.853,ok
1791182223868,A,edge-server,http://edge-server-1:8080,10,100000,1024,23.753,12.893,ok
1791182223892,A,edge-server,http://edge-server-1:8080,11,100000,1024,20.137,9.362,ok
1791182223912,A,edge-server,http://edge-server-1:8080,12,100000,1024,23.858,12.69,ok
1791182223937,A,edge-server,http://edge-server-1:8080,13,100000,1024,24.073,12.688,ok
1791182223961,A,edge-server,http://edge-server-1:8080,14,100000,1024,24.572,13.423,ok
1791182224174,A,local,local,0,1000000,1024,166.631,,ok
1791182224341,A,local,local,1,1000000,1024,113.65,,ok
1791182224455,A,local,local,2,1000000,1024,114.074,,ok
1791182224569,A,local,local,3,1000000,1024,171.092,,ok
1791182224741,A,local,local,4,1000000,1024,114.97,,ok
1791182224856,A,local,local,5,1000000,1024,109.886,,ok
1791182224966,A,local,local,6,1000000,1024,115.564,,ok
1791182225082,A,local,local,7,1000000,1024,167.674,,ok
1791182225249,A,local,local,8,1000000,1024,112.172,,ok
1791182225362,A,local,local,9,1000000,1024,113.419,,ok
1791182225475,A,local,local,10,1000000,1024,108.696,,ok
1791182225584,A,local,local,11,1000000,1024,165.584,,ok
1791182225750,A,local,local,12,1000000,1024,108.803,,ok
1791182225859,A,local,local,13,1000000,1024,112.566,,ok
1791182225972,A,local,local,14,1000000,1024,165.514,,ok
1791182226280,A,edge-server,http://edge-server-1:8080,0,1000000,1024,65.741,54.698,ok
1791182226346,A,edge-server,http://edge-server-1:8080,1,1000000,1024,65.632,54.535,ok
1791182226411,A,edge-server,http://edge-server-1:8080,2,1000000,1024,66.948,55.999,ok
1791182226479,A,edge-server,http://edge-server-1:8080,3,1000000,1024,71.554,60.924,ok
1791182226550,A,edge-server,http://edge-server-1:8080,4,1000000,1024,72.643,61.761,ok
1791182226623,A,edge-server,http://edge-server-1:8080,5,1000000,1024,65.772,54.762,ok
1791182226689,A,edge-server,http://edge-server-1:8080,6,1000000,1024,69.874,58.836,ok
1791182226759,A,edge-server,http://edge-server-1:8080,7,1000000,1024,66.114,54.943,ok
1791182226826,A,edge-server,http://edge-server-1:8080,8,1000000,1024,65.947,55.023,ok
1791182226892,A,edge-server,http://edge-server-1:8080,9,1000000,1024,66.099,54.967,ok
1791182226958,A,edge-server,http://edge-server-1:8080,10,1000000,1024,65.801,54.461,ok
1791182227024,A,edge-server,http://edge-server-1:8080,11,1000000,1024,66.757,55.574,ok
1791182227091,A,edge-server,http://edge-server-1:8080,12,1000000,1024,66.377,55.126,ok
1791182227158,A,edge-server,http://edge-server-1:8080,13,1000000,1024,65.577,54.502,ok
1791182227224,A,edge-server,http://edge-server-1:8080,14,1000000,1024,65.624,54.72,ok
1791182227751,A,local,local,0,3000000,1024,391.069,,ok
1791182228143,A,local,local,1,3000000,1024,337.681,,ok
1791182228481,A,local,local,2,3000000,1024,398.145,,ok
1791182228879,A,local,local,3,3000000,1024,393.896,,ok
1791182229273,A,local,local,4,3000000,1024,395.714,,ok
1791182229669,A,local,local,5,3000000,1024,391.344,,ok
1791182230060,A,local,local,6,3000000,1024,402.632,,ok
1791182230463,A,local,local,7,3000000,1024,393.228,,ok
1791182230857,A,local,local,8,3000000,1024,398.982,,ok
1791182231256,A,local,local,9,3000000,1024,390.471,,ok
1791182231647,A,local,local,10,3000000,1024,396.239,,ok
1791182232043,A,local,local,11,3000000,1024,339.012,,ok
1791182232382,A,local,local,12,3000000,1024,399.671,,ok
1791182232782,A,local,local,13,3000000,1024,388.069,,ok
1791182233170,A,local,local,14,3000000,1024,395.946,,ok
1791182233829,A,edge-server,http://edge-server-1:8080,0,3000000,1024,178.008,167.029,ok
1791182234008,A,edge-server,http://edge-server-1:8080,1,3000000,1024,180.42,169.516,ok
1791182234188,A,edge-server,http://edge-server-1:8080,2,3000000,1024,176.187,164.85,ok
1791182234365,A,edge-server,http://edge-server-1:8080,3,3000000,1024,184.077,173.444,ok
1791182234549,A,edge-server,http://edge-server-1:8080,4,3000000,1024,195.252,184.259,ok
1791182234745,A,edge-server,http://edge-server-1:8080,5,3000000,1024,176.374,165.581,ok
1791182234921,A,edge-server,http://edge-server-1:8080,6,3000000,1024,176.168,165.067,ok
1791182235097,A,edge-server,http://edge-server-1:8080,7,3000000,1024,179.09,168.497,ok
1791182235277,A,edge-server,http://edge-server-1:8080,8,3000000,1024,187.376,176.464,ok
1791182235464,A,edge-server,http://edge-server-1:8080,9,3000000,1024,177.04,165.871,ok
1791182235642,A,edge-server,http://edge-server-1:8080,10,3000000,1024,190.073,179.089,ok
1791182235832,A,edge-server,http://edge-server-1:8080,11,3000000,1024,179.571,168.596,ok
1791182236012,A,edge-server,http://edge-server-1:8080,12,3000000,1024,176.008,165.09,ok
1791182236188,A,edge-server,http://edge-server-1:8080,13,3000000,1024,176.177,165.253,ok
1791182236364,A,edge-server,http://edge-server-1:8080,14,3000000,1024,178.217,167.127,ok
