ts_unix_ms,label,mode,target,task,iter,payload_bytes,tct_ms,server_compute_ms,status,rtt_target_ms
1791182237176,B,local,local,0,1000000,1024,166.609,,ok,
1791182237343,B,local,local,1,1000000,1024,114.346,,ok,
1791182237457,B,local,local,2,1000000,1024,112.589,,ok,
1791182237570,B,local,local,3,1000000,1024,113.671,,ok,
1791182237684,B,local,local,4,1000000,1024,169.525,,ok,
1791182237854,B,local,local,5,1000000,1024,112.874,,ok,
1791182237967,B,local,local,6,1000000,1024,115.4,,ok,
1791182238082,B,local,local,7,1000000,1024,173.206,,ok,
1791182238256,B,local,local,8,1000000,1024,114.409,,ok,
1791182238370,B,local,local,9,1000000,1024,171.039,,ok,
1791182238541,B,local,local,10,1000000,1024,115.685,,ok,
1791182238657,B,local,local,11,1000000,1024,112.227,,ok,
1791182238770,B,local,local,12,1000000,1024,112.491,,ok,
1791182238882,B,local,local,13,1000000,1024,161.417,,ok,
1791182239044,B,local,local,14,1000000,1024,106.867,,ok,
1791182245560,B,edge-server,http://edge-server-1:8080,0,1000000,1024,65.979,55.276,ok,10.0
1791182245627,B,edge-server,http://edge-server-1:8080,1,1000000,1024,66.425,55.199,ok,10.0
1791182245693,B,edge-server,http://edge-server-1:8080,2,1000000,1024,66.304,55.363,ok,10.0
1791182245760,B,edge-server,http://edge-server-1:8080,3,1000000,1024,67.116,56.07,ok,10.0
1791182245827,B,edge-server,http://edge-server-1:8080,4,1000000,1024,66.637,55.553,ok,10.0
1791182245894,B,edge-server,http://edge-server-1:8080,5,1000000,1024,65.808,54.562,ok,10.0
1791182245960,B,edge-server,http://edge-server-1:8080,6,1000000,1024,70.171,59.57,ok,10.0
1791182246031,B,edge-server,http://edge-server-1:8080,7,1000000,1024,72.836,61.945,ok,10.0
1791182246104,B,edge-server,http://edge-server-1:8080,8,1000000,1024,66.06,55.162,ok,10.0
1791182246170,B,edge-server,http://edge-server-1:8080,9,1000000,1024,69.109,58.452,ok,10.0
1791182246239,B,edge-server,http://edge-server-1:8080,10,1000000,1024,67.568,56.437,ok,10.0
1791182246307,B,edge-server,http://edge-server-1:8080,11,1000000,1024,65.833,54.965,ok,10.0
1791182246373,B,edge-server,http://edge-server-1:8080,12,1000000,1024,65.848,54.631,ok,10.0
1791182246439,B,edge-server,http://edge-server-1:8080,13,1000000,1024,69.486,58.461,ok,10.0
1791182246509,B,edge-server,http://edge-server-1:8080,14,1000000,1024,65.664,54.885,ok,10.0
1791182253029,B,edge-server,http://edge-server-1:8080,0,1000000,1024,90.326,59.749,ok,30.0
1791182253120,B,edge-server,http://edge-server-1:8080,1,1000000,1024,95.677,64.733,ok,30.0
1791182253216,B,edge-server,http://edge-server-1:8080,2,1000000,1024,89.866,58.866,ok,30.0
1791182253306,B,edge-server,http://edge-server-1:8080,3,1000000,1024,90.995,59.735,ok,30.0
1791182253397,B,edge-server,http://edge-server-1:8080,4,1000000,1024,92.958,61.159,ok,30.0
1791182253490,B,edge-server,http://edge-server-1:8080,5,1000000,1024,88.876,57.871,ok,30.0
1791182253580,B,edge-server,http://edge-server-1:8080,6,1000000,1024,88.138,57.107,ok,30.0
1791182253668,B,edge-server,http://edge-server-1:8080,7,1000000,1024,91.236,60.424,ok,30.0
1791182253759,B,edge-server,http://edge-server-1:8080,8,1000000,1024,88.868,57.593,ok,30.0
1791182253848,B,edge-server,http://edge-server-1:8080,9,1000000,1024,89.746,58.867,ok,30.0
1791182253938,B,edge-server,http://edge-server-1:8080,10,1000000,1024,89.971,59.114,ok,30.0
1791182254029,B,edge-server,http://edge-server-1:8080,11,1000000,1024,88.778,57.79,ok,30.0
1791182254118,B,edge-server,http://edge-server-1:8080,12,1000000,1024,86.266,55.326,ok,30.0
1791182254204,B,edge-server,http://edge-server-1:8080,13,1000000,1024,89.613,58.33,ok,30.0
1791182254294,B,edge-server,http://edge-server-1:8080,14,1000000,1024,88.702,57.536,ok,30.0
1791182260918,B,edge-server,http://edge-server-1:8080,0,1000000,1024,115.996,60.015,ok,55.0
1791182261035,B,edge-server,http://edge-server-1:8080,1,1000000,1024,113.854,57.543,ok,55.0
1791182261149,B,edge-server,http://edge-server-1:8080,2,1000000,1024,113.439,57.283,ok,55.0
1791182261263,B,edge-server,http://edge-server-1:8080,3,1000000,1024,117.754,61.838,ok,55.0
1791182261381,B,edge-server,http://edge-server-1:8080,4,1000000,1024,110.465,54.665,ok,55.0
1791182261491,B,edge-server,http://edge-server-1:8080,5,1000000,1024,116.701,60.736,ok,55.0
1791182261608,B,edge-server,http://edge-server-1:8080,6,1000000,1024,115.013,58.711,ok,55.0
1791182261724,B,edge-server,http://edge-server-1:8080,7,1000000,1024,117.716,61.603,ok,55.0
1791182261842,B,edge-server,http://edge-server-1:8080,8,1000000,1024,110.887,54.874,ok,55.0
1791182261953,B,edge-server,http://edge-server-1:8080,9,1000000,1024,118.354,62.401,ok,55.0
1791182262072,B,edge-server,http://edge-server-1:8080,10,1000000,1024,111.182,55.142,ok,55.0
1791182262183,B,edge-server,http://edge-server-1:8080,11,1000000,1024,110.452,54.552,ok,55.0
1791182262294,B,edge-server,http://edge-server-1:8080,12,1000000,1024,110.791,55.026,ok,55.0
1791182262405,B,edge-server,http://edge-server-1:8080,13,1000000,1024,111.599,55.614,ok,55.0
1791182262517,B,edge-server,http://edge-server-1:8080,14,1000000,1024,110.726,54.715,ok,55.0
1791182269314,B,edge-server,http://edge-server-1:8080,0,1000000,1024,165.135,58.942,ok,105.0
1791182269479,B,edge-server,http://edge-server-1:8080,1,1000000,1024,166.885,60.631,ok,105.0
1791182269646,B,edge-server,http://edge-server-1:8080,2,1000000,1024,167.944,61.912,ok,105.0
1791182269815,B,edge-server,http://edge-server-1:8080,3,1000000,1024,166.091,59.422,ok,105.0
1791182269982,B,edge-server,http://edge-server-1:8080,4,1000000,1024,160.989,54.964,ok,105.0
1791182270143,B,edge-server,http://edge-server-1:8080,5,1000000,1024,164.488,58.537,ok,105.0
1791182270308,B,edge-server,http://edge-server-1:8080,6,1000000,1024,165.475,59.023,ok,105.0
1791182270474,B,edge-server,http://edge-server-1:8080,7,1000000,1024,167.986,62.167,ok,105.0
1791182270642,B,edge-server,http://edge-server-1:8080,8,1000000,1024,168.447,62.737,ok,105.0
1791182270811,B,edge-server,http://edge-server-1:8080,9,1000000,1024,171.828,66.082,ok,105.0
1791182270983,B,edge-server,http://edge-server-1:8080,10,1000000,1024,166.66,60.862,ok,105.0
1791182271150,B,edge-server,http://edge-server-1:8080,11,1000000,1024,168.197,61.662,ok,105.0
1791182271319,B,edge-server,http://edge-server-1:8080,12,1000000,1024,163.514,57.442,ok,105.0
1791182271483,B,edge-server,http://edge-server-1:8080,13,1000000,1024,167.29,61.42,ok,105.0
1791182271651,B,edge-server,http://edge-server-1:8080,14,1000000,1024,165.726,59.69,ok,105.0
1791182278804,B,edge-server,http://edge-server-1:8080,0,1000000,1024,261.872,55.997,ok,205.0
1791182279067,B,edge-server,http://edge-server-1:8080,1,1000000,1024,262.396,56.139,ok,205.0
1791182279330,B,edge-server,http://edge-server-1:8080,2,1000000,1024,268.758,62.9,ok,205.0
1791182279599,B,edge-server,http://edge-server-1:8080,3,1000000,1024,269.608,63.368,ok,205.0
1791182279869,B,edge-server,http://edge-server-1:8080,4,1000000,1024,270.411,64.489,ok,205.0
1791182280139,B,edge-server,http://edge-server-1:8080,5,1000000,1024,260.78,54.841,ok,205.0
1791182280401,B,edge-server,http://edge-server-1:8080,6,1000000,1024,265.426,58.791,ok,205.0
1791182280667,B,edge-server,http://edge-server-1:8080,7,1000000,1024,265.904,58.99,ok,205.0
1791182280934,B,edge-server,http://edge-server-1:8080,8,1000000,1024,266.235,59.818,ok,205.0
1791182281200,B,edge-server,http://edge-server-1:8080,9,1000000,1024,275.279,69.493,ok,205.0
1791182281476,B,edge-server,http://edge-server-1:8080,10,1000000,1024,261.817,56.055,ok,205.0
1791182281738,B,edge-server,http://edge-server-1:8080,11,1000000,1024,261.983,55.975,ok,205.0
1791182282000,B,edge-server,http://edge-server-1:8080,12,1000000,1024,267.034,60.916,ok,205.0
1791182282268,B,edge-server,http://edge-server-1:8080,13,1000000,1024,264.811,58.798,ok,205.0
1791182282534,B,edge-server,http://edge-server-1:8080,14,1000000,1024,265.346,59.388,ok,205.0
