ts_unix_ms,label,mode,target,task,iter,payload_bytes,tct_ms,server_compute_ms,status,bandwidth
1791182285260,C,local,local,0,1000000,262144,112.819,,ok,
1791182285373,C,local,local,1,1000000,262144,165.64,,ok,
1791182285539,C,local,local,2,1000000,262144,111.921,,ok,
1791182285651,C,local,local,3,1000000,262144,106.784,,ok,
1791182285758,C,local,local,4,1000000,262144,112.628,,ok,
1791182288226,C,edge-server,http://edge-server-1:8080,0,1000000,262144,72.068,58.99,ok,100Mbps
1791182288299,C,edge-server,http://edge-server-1:8080,1,1000000,262144,68.279,54.773,ok,100Mbps
1791182288367,C,edge-server,http://edge-server-1:8080,2,1000000,262144,68.695,55.463,ok,100Mbps
1791182288436,C,edge-server,http://edge-server-1:8080,3,1000000,262144,68.274,55.095,ok,100Mbps
1791182288505,C,edge-server,http://edge-server-1:8080,4,1000000,262144,75.01,61.97,ok,100Mbps
1791182290931,C,edge-server,http://edge-server-1:8080,0,1000000,262144,96.305,58.721,ok,10Mbps
1791182291028,C,edge-server,http://edge-server-1:8080,1,1000000,262144,101.059,63.205,ok,10Mbps
1791182291129,C,edge-server,http://edge-server-1:8080,2,1000000,262144,97.088,59.299,ok,10Mbps
1791182291226,C,edge-server,http://edge-server-1:8080,3,1000000,262144,101.167,63.283,ok,10Mbps
1791182291328,C,edge-server,http://edge-server-1:8080,4,1000000,262144,96.838,59.117,ok,10Mbps
1791182293994,C,edge-server,http://edge-server-1:8080,0,1000000,262144,342.385,59.328,ok,1Mbps
1791182294337,C,edge-server,http://edge-server-1:8080,1,1000000,262144,347.356,64.918,ok,1Mbps
1791182294685,C,edge-server,http://edge-server-1:8080,2,1000000,262144,343.413,59.795,ok,1Mbps
1791182295028,C,edge-server,http://edge-server-1:8080,3,1000000,262144,351.386,68.623,ok,1Mbps
1791182295380,C,edge-server,http://edge-server-1:8080,4,1000000,262144,344.455,63.032,ok,1Mbps
